order_id,customer_id,product_id,order_date,quantity,unit_price,total_amount,order_status,payment_method
1,432,540,2022-02-26,1,178.48,178.48,Pending,Credit Card
2,872,18,2021-04-26,3,10.83,32.49,Cancelled,Google Pay
3,62,934,2022-08-28,2,277.06,554.12,Cancelled,PayPal
4,148,856,2024-10-04,2,95.46,190.92,Returned,Debit Card
5,142,121,2021-03-07,2,26.2,52.4,Pending,Apple Pay
6,435,381,2024-02-10,1,211.88,211.88,Completed,Credit Card
7,858,609,2023-09-19,5,31.39,156.95,Pending,Credit Card
8,251,79,2020-10-27,3,50.97,152.91,Completed,Google Pay
9,187,482,2024-08-29,4,53.42,213.68,Pending,Google Pay
10,740,346,2023-12-01,3,146.35,439.05,Returned,Credit Card
11,903,658,2021-08-10,1,55.21,55.21,Completed,Google Pay
12,12,406,2024-03-18,2,155.96,311.92,Returned,Apple Pay
13,514,314,2023-02-08,3,276.55,829.65,Pending,Apple Pay
14,535,387,2020-11-17,3,292.21,876.63,Pending,Debit Card
15,402,189,2022-03-31,5,26.24,131.2,Completed,Apple Pay
16,415,848,2022-09-04,3,199.28,597.84,Returned,Debit Card
17,200,277,2020-04-21,3,197.53,592.59,Completed,Credit Card
18,867,344,2020-06-08,3,184.93,554.79,Completed,Debit Card
19,67,217,2021-07-31,2,167.05,334.1,Completed,PayPal
20,952,34,2021-01-19,5,68.5,342.5,Pending,PayPal
21,578,810,2020-06-23,5,173.79,868.95,Returned,Credit Card
22,317,9,2020-04-08,3,37.03,111.09,Cancelled,PayPal
23,770,401,2022-03-26,5,66.52,332.6,Cancelled,Debit Card
24,919,760,2023-12-10,1,106.08,106.08,Completed,Google Pay
25,816,392,2024-07-11,2,16.87,33.74,Returned,Google Pay
26,156,699,2024-11-14,1,94.13,94.13,Returned,Credit Card
27,238,906,2023-07-05,1,286.32,286.32,Pending,Debit Card
28,514,529,2024-04-23,2,298.09,596.18,Cancelled,Apple Pay
29,369,639,2024-05-27,2,108.32,216.64,Returned,Credit Card
30,626,622,2023-12-30,4,79.34,317.36,Completed,Debit Card
31,16,147,2023-03-07,4,38.25,153.0,Cancelled,Google Pay
32,466,322,2024-11-11,1,154.68,154.68,Pending,PayPal
33,373,362,2020-11-26,1,91.23,91.23,Completed,Credit Card
34,485,263,2021-01-01,4,84.8,339.2,Returned,Debit Card
35,373,880,2020-09-10,5,151.6,758.0,Cancelled,Apple Pay
36,133,452,2022-04-17,5,275.97,1379.85,Cancelled,Google Pay
37,383,86,2024-09-26,5,286.09,1430.45,Returned,Google Pay
38,699,44,2022-07-10,3,264.45,793.35,Completed,Debit Card
39,874,108,2023-12-04,5,12.3,61.5,Cancelled,Apple Pay
40,75,229,2020-11-20,5,125.79,628.95,Returned,Apple Pay
41,480,658,2023-10-02,1,111.19,111.19,Returned,Credit Card
42,940,983,2020-06-24,2,222.22,444.44,Returned,Apple Pay
43,325,351,2021-02-12,4,105.33,421.32,Returned,Debit Card
44,466,40,2023-12-09,4,43.15,172.6,Pending,Apple Pay
45,33,616,2020-10-25,2,102.85,205.7,Returned,Credit Card
46,485,219,2024-07-13,3,238.97,716.91,Completed,Debit Card
47,701,434,2024-11-12,1,286.27,286.27,Cancelled,PayPal
48,71,281,2023-07-25,2,34.24,68.48,Returned,Credit Card
49,538,220,2021-09-02,4,262.67,1050.68,Cancelled,Debit Card
50,924,439,2024-08-27,1,36.81,36.81,Cancelled,PayPal
51,430,494,2020-12-02,2,111.29,222.58,Returned,Google Pay
52,448,364,2023-11-11,2,290.02,580.04,Returned,Credit Card
53,741,684,2023-02-22,5,67.58,337.9,Pending,PayPal
54,919,470,2023-09-22,3,14.11,42.33,Pending,Apple Pay
55,994,691,2024-11-05,3,42.95,128.85,Returned,PayPal
56,966,853,2022-12-02,1,296.59,296.59,Pending,Apple Pay
57,224,764,2023-08-01,5,38.26,191.3,Pending,Apple Pay
58,616,387,2023-11-27,5,234.57,1172.85,Pending,PayPal
59,591,979,2021-03-05,2,291.81,583.62,Completed,PayPal
60,919,315,2024-07-24,3,14.7,44.1,Completed,Apple Pay
61,361,361,2023-08-21,4,130.08,520.32,Returned,Google Pay
62,181,470,2024-04-15,3,42.88,128.64,Returned,PayPal
63,556,447,2020-12-28,5,182.52,912.6,Returned,PayPal
64,719,636,2024-09-26,4,193.89,775.56,Completed,Credit Card
65,17,632,2024-07-08,1,36.0,36.0,Returned,Credit Card
66,103,649,2022-10-13,5,278.9,1394.5,Returned,Google Pay
67,873,431,2023-04-05,1,203.64,203.64,Pending,Debit Card
68,118,201,2024-05-10,4,169.96,679.84,Returned,Credit Card
69,841,661,2021-12-19,4,129.75,519.0,Returned,Credit Card
70,275,901,2022-02-06,2,157.19,314.38,Cancelled,PayPal
71,5,922,2024-09-13,4,205.26,821.04,Returned,Credit Card
72,384,861,2020-02-01,1,54.48,54.48,Cancelled,PayPal
73,248,570,2020-12-15,5,297.92,1489.6,Returned,Debit Card
74,821,955,2023-06-16,4,250.28,1001.12,Returned,Debit Card
75,178,413,2023-07-27,4,293.43,1173.72,Cancelled,Google Pay
76,728,821,2020-11-20,4,76.98,307.92,Pending,Google Pay
77,864,781,2020-08-30,5,237.44,1187.2,Cancelled,Google Pay
78,96,27,2020-11-21,3,69.09,207.27,Returned,Credit Card
79,633,725,2023-07-11,5,54.38,271.9,Completed,Google Pay
80,134,465,2022-02-22,1,225.28,225.28,Cancelled,Debit Card
81,549,861,2021-05-05,2,96.11,192.22,Pending,Apple Pay
82,282,85,2024-04-26,3,201.18,603.54,Pending,Credit Card
83,114,471,2023-07-31,5,261.41,1307.05,Completed,Credit Card
84,185,96,2020-10-17,3,85.98,257.94,Completed,Apple Pay
85,213,401,2024-09-25,3,274.69,824.07,Completed,Apple Pay
86,499,983,2024-06-17,1,129.99,129.99,Completed,Debit Card
87,322,649,2023-11-08,4,118.82,475.28,Returned,Debit Card
88,183,676,2021-01-03,3,12.94,38.82,Completed,Credit Card
89,629,615,2021-12-03,3,150.33,450.99,Completed,Debit Card
90,198,621,2022-12-04,3,278.71,836.13,Completed,Google Pay
91,157,222,2020-02-17,5,158.41,792.05,Cancelled,Credit Card
92,226,86,2021-03-20,1,104.99,104.99,Pending,PayPal
93,95,357,2021-07-14,4,67.78,271.12,Cancelled,Apple Pay
94,970,410,2024-03-06,4,136.46,545.84,Pending,PayPal
95,909,735,2020-12-20,2,209.25,418.5,Cancelled,Apple Pay
96,602,320,2020-07-29,5,240.01,1200.05,Pending,Debit Card
97,457,434,2024-01-18,4,135.71,542.84,Cancelled,PayPal
98,440,205,2023-06-29,1,186.12,186.12,Cancelled,PayPal
99,911,35,2023-07-19,1,140.33,140.33,Cancelled,Google Pay
100,899,661,2022-04-19,3,185.13,555.39,Cancelled,Apple Pay
101,331,440,2020-03-02,1,62.17,62.17,Pending,PayPal
102,381,381,2021-05-17,1,72.4,72.4,Pending,PayPal
103,12,735,2020-09-07,1,102.39,102.39,Cancelled,Debit Card
104,921,239,2022-08-11,5,240.62,1203.1,Completed,Apple Pay
105,223,106,2021-08-03,5,71.53,357.65,Cancelled,Google Pay
106,662,432,2024-07-11,1,176.45,176.45,Returned,PayPal
107,51,822,2024-07-23,3,67.46,202.38,Returned,Apple Pay
108,128,464,2020-04-05,3,132.16,396.48,Pending,Google Pay
109,591,22,2021-10-31,5,121.03,605.15,Cancelled,Credit Card
110,934,473,2023-08-11,5,296.51,1482.55,Cancelled,Debit Card
111,547,941,2024-09-19,4,20.73,82.92,Completed,PayPal
112,98,850,2023-08-13,1,30.14,30.14,Returned,PayPal
113,410,82,2021-07-16,3,228.57,685.71,Cancelled,Apple Pay
114,714,466,2023-06-08,1,124.06,124.06,Returned,Credit Card
115,106,30,2024-09-22,3,281.93,845.79,Pending,Credit Card
116,331,883,2024-08-17,1,50.23,50.23,Returned,Debit Card
117,924,832,2020-12-14,1,65.44,65.44,Cancelled,Google Pay
118,804,45,2020-01-11,1,85.31,85.31,Completed,Credit Card
119,705,628,2021-09-15,1,86.48,86.48,Returned,PayPal
120,598,472,2023-12-01,2,278.21,556.42,Completed,Debit Card
121,910,871,2021-10-15,2,228.38,456.76,Returned,Apple Pay
122,247,592,2023-09-30,1,161.31,161.31,Returned,Apple Pay
123,495,232,2021-07-28,3,234.07,702.21,Completed,PayPal
124,362,572,2024-04-18,3,216.3,648.9,Pending,Debit Card
125,507,62,2023-11-24,1,31.79,31.79,Pending,Credit Card
126,395,193,2023-10-05,2,145.76,291.52,Returned,Credit Card
127,780,541,2021-11-28,2,246.06,492.12,Cancelled,PayPal
128,869,517,2023-12-22,4,200.03,800.12,Completed,Debit Card
129,464,889,2021-03-24,3,121.82,365.46,Pending,Apple Pay
130,169,703,2021-01-19,1,90.57,90.57,Cancelled,Google Pay
131,898,110,2023-08-20,1,52.71,52.71,Completed,Debit Card
132,30,488,2020-02-03,4,64.24,256.96,Returned,PayPal
133,87,363,2021-06-27,1,278.81,278.81,Returned,Debit Card
134,521,342,2020-11-04,4,155.64,622.56,Completed,Apple Pay
135,665,392,2021-07-12,3,38.37,115.11,Returned,Debit Card
136,609,283,2021-08-25,2,126.78,253.56,Returned,Google Pay
137,662,255,2022-06-06,1,207.54,207.54,Completed,Debit Card
138,590,273,2020-08-23,1,269.57,269.57,Pending,Credit Card
139,904,636,2022-12-25,1,89.88,89.88,Returned,Apple Pay
140,844,901,2022-03-15,1,73.77,73.77,Cancelled,Apple Pay
141,356,653,2021-02-25,2,237.86,475.72,Cancelled,Google Pay
142,516,930,2021-08-12,1,37.33,37.33,Returned,PayPal
143,698,72,2024-10-12,2,59.37,118.74,Pending,Debit Card
144,14,683,2021-11-11,4,51.13,204.52,Returned,Apple Pay
145,271,903,2021-11-15,1,61.48,61.48,Completed,Debit Card
146,993,486,2023-10-23,1,182.26,182.26,Completed,Apple Pay
147,47,839,2024-11-23,2,147.04,294.08,Completed,Google Pay
148,538,516,2023-10-24,3,252.25,756.75,Pending,Debit Card
149,824,754,2024-05-06,1,39.0,39.0,Cancelled,Apple Pay
150,264,680,2022-10-01,3,297.04,891.12,Returned,PayPal
151,362,309,2022-01-16,4,13.93,55.72,Cancelled,Google Pay
152,277,703,2024-05-05,5,150.46,752.3,Completed,Debit Card
153,146,366,2022-04-20,2,201.22,402.44,Returned,Credit Card
154,997,442,2021-05-15,5,224.89,1124.45,Cancelled,Debit Card
155,978,387,2024-03-04,1,66.21,66.21,Completed,PayPal
156,461,982,2024-12-01,5,270.77,1353.85,Pending,PayPal
157,401,604,2023-10-22,3,267.52,802.56,Returned,PayPal
158,533,719,2021-09-25,2,21.92,43.84,Cancelled,Google Pay
159,581,992,2020-09-08,4,240.65,962.6,Cancelled,PayPal
160,702,151,2020-08-13,1,154.69,154.69,Returned,Debit Card
161,681,167,2022-12-07,3,190.9,572.7,Cancelled,Apple Pay
162,16,465,2021-08-13,1,241.94,241.94,Completed,Debit Card
163,501,314,2021-08-02,5,45.8,229.0,Completed,Apple Pay
164,142,359,2021-12-22,1,24.47,24.47,Cancelled,Google Pay
165,89,731,2023-09-24,5,54.96,274.8,Cancelled,Debit Card
166,941,83,2024-02-10,2,135.29,270.58,Cancelled,Debit Card
167,255,832,2020-03-06,4,280.55,1122.2,Returned,Apple Pay
168,943,310,2022-03-28,1,268.98,268.98,Cancelled,Debit Card
169,331,824,2023-02-28,4,206.89,827.56,Pending,Debit Card
170,205,309,2021-05-27,2,130.73,261.46,Cancelled,Credit Card
171,473,559,2021-08-31,5,278.86,1394.3,Pending,Apple Pay
172,540,453,2024-05-21,4,37.85,151.4,Cancelled,Google Pay
173,438,478,2023-11-04,3,145.83,437.49,Returned,Apple Pay
174,28,981,2022-08-02,1,274.64,274.64,Returned,Credit Card
175,310,806,2024-03-27,2,188.41,376.82,Pending,Google Pay
176,557,922,2022-11-14,3,46.91,140.73,Cancelled,Credit Card
177,687,7,2024-03-26,4,46.52,186.08,Returned,Google Pay
178,277,850,2022-07-31,1,34.55,34.55,Completed,PayPal
179,580,494,2023-05-02,1,248.36,248.36,Cancelled,Credit Card
180,758,735,2020-09-05,5,205.58,1027.9,Completed,Debit Card
181,991,508,2022-11-23,2,172.99,345.98,Pending,Debit Card
182,319,737,2023-10-15,2,97.26,194.52,Completed,Apple Pay
183,1,157,2023-07-01,2,43.27,86.54,Completed,Google Pay
184,486,26,2020-07-17,2,69.25,138.5,Returned,Apple Pay
185,496,189,2020-04-23,1,96.98,96.98,Pending,Google Pay
186,880,674,2021-06-17,5,207.58,1037.9,Completed,Apple Pay
187,839,763,2020-10-26,1,63.59,63.59,Pending,Debit Card
188,492,297,2022-11-13,5,68.1,340.5,Cancelled,Credit Card
189,282,401,2023-04-20,4,116.53,466.12,Returned,Credit Card
190,152,29,2022-08-08,4,245.91,983.64,Cancelled,Apple Pay
191,595,311,2020-09-03,5,122.93,614.65,Completed,Google Pay
192,364,986,2022-06-29,1,273.35,273.35,Pending,Apple Pay
193,163,367,2024-01-20,4,90.3,361.2,Pending,PayPal
194,65,179,2023-12-17,5,123.28,616.4,Pending,PayPal
195,733,880,2023-09-05,5,108.39,541.95,Pending,PayPal
196,70,939,2024-05-26,3,277.81,833.43,Returned,Apple Pay
197,590,726,2022-08-24,5,201.1,1005.5,Cancelled,Debit Card
198,595,357,2023-11-30,3,180.77,542.31,Returned,Credit Card
199,163,238,2020-04-02,1,257.09,257.09,Completed,Credit Card
200,238,791,2022-10-19,4,103.86,415.44,Pending,Credit Card
201,431,945,2020-12-22,4,229.19,916.76,Completed,Credit Card
202,868,768,2023-06-07,3,43.2,129.6,Completed,Apple Pay
203,861,31,2024-04-12,3,185.89,557.67,Pending,PayPal
204,653,588,2020-08-08,4,119.51,478.04,Pending,Debit Card
205,293,231,2021-06-01,4,136.88,547.52,Pending,Debit Card
206,197,89,2022-06-07,5,244.51,1222.55,Completed,Credit Card
207,915,6,2021-02-20,1,244.9,244.9,Cancelled,Apple Pay
208,349,190,2023-03-09,5,260.7,1303.5,Returned,Debit Card
209,486,513,2024-08-31,2,175.41,350.82,Cancelled,PayPal
210,821,69,2023-06-20,5,257.49,1287.45,Returned,Apple Pay
211,583,81,2023-07-04,4,263.45,1053.8,Pending,Google Pay
212,237,53,2021-09-02,1,44.2,44.2,Cancelled,Credit Card
213,258,400,2021-04-03,3,277.46,832.38,Cancelled,Credit Card
214,77,548,2024-11-21,2,290.75,581.5,Pending,Google Pay
215,634,59,2023-06-05,5,100.55,502.75,Completed,Google Pay
216,34,347,2022-08-22,3,199.44,598.32,Returned,PayPal
217,61,143,2021-02-14,3,267.53,802.59,Pending,Google Pay
218,680,935,2024-07-30,3,278.01,834.03,Completed,Debit Card
219,578,927,2022-10-07,1,243.64,243.64,Completed,PayPal
220,628,952,2020-05-24,4,183.46,733.84,Completed,Google Pay
221,43,107,2022-09-07,2,88.45,176.9,Completed,Apple Pay
222,442,490,2022-11-05,2,198.6,397.2,Cancelled,Debit Card
223,801,831,2020-02-13,1,17.64,17.64,Pending,Google Pay
224,756,19,2023-05-30,4,207.76,831.04,Returned,Credit Card
225,441,719,2022-03-03,4,211.68,846.72,Returned,Google Pay
226,919,631,2020-10-09,1,137.01,137.01,Cancelled,PayPal
227,60,244,2021-01-31,3,136.59,409.77,Pending,Credit Card
228,766,771,2023-04-20,1,75.87,75.87,Completed,Credit Card
229,79,59,2024-11-23,2,245.66,491.32,Pending,Apple Pay
230,359,617,2021-01-04,3,22.68,68.04,Pending,PayPal
231,674,126,2020-09-22,5,125.37,626.85,Completed,Credit Card
232,723,753,2021-05-27,5,69.7,348.5,Cancelled,Debit Card
233,799,565,2022-06-27,3,283.01,849.03,Cancelled,Debit Card
234,555,516,2022-12-14,3,102.47,307.41,Completed,Credit Card
235,637,498,2021-12-10,4,214.6,858.4,Cancelled,Credit Card
236,534,237,2021-02-20,2,254.01,508.02,Cancelled,Google Pay
237,836,807,2021-03-07,1,117.99,117.99,Pending,Credit Card
238,465,976,2021-04-26,4,198.47,793.88,Completed,Credit Card
239,603,394,2022-10-18,1,88.39,88.39,Cancelled,Credit Card
240,394,508,2020-05-02,3,257.83,773.49,Completed,Apple Pay
241,211,389,2022-02-26,4,22.88,91.52,Pending,Apple Pay
242,33,555,2022-12-26,1,201.52,201.52,Cancelled,Credit Card
243,930,269,2023-05-31,3,277.58,832.74,Pending,Credit Card
244,438,802,2021-11-29,5,135.88,679.4,Completed,Credit Card
245,955,695,2023-02-07,4,286.22,1144.88,Cancelled,Google Pay
246,582,788,2022-08-07,4,176.05,704.2,Cancelled,Debit Card
247,947,244,2022-02-19,4,226.23,904.92,Pending,Credit Card
248,256,790,2021-07-28,3,34.81,104.43,Cancelled,PayPal
249,281,371,2023-03-15,4,21.2,84.8,Cancelled,PayPal
250,315,583,2024-05-21,5,13.58,67.9,Cancelled,PayPal
251,18,451,2024-10-01,2,138.7,277.4,Completed,Apple Pay
252,865,570,2020-03-16,3,149.26,447.78,Pending,Apple Pay
253,284,919,2020-04-29,5,282.26,1411.3,Cancelled,Credit Card
254,806,283,2022-06-21,2,84.82,169.64,Cancelled,Apple Pay
255,151,893,2020-09-17,2,192.8,385.6,Completed,Debit Card
256,519,882,2020-08-22,1,63.43,63.43,Returned,Google Pay
257,234,63,2021-10-11,1,170.49,170.49,Cancelled,PayPal
258,46,615,2020-02-03,3,166.73,500.19,Pending,PayPal
259,116,524,2020-08-11,1,157.01,157.01,Completed,Debit Card
260,850,843,2021-02-21,3,175.41,526.23,Returned,Credit Card
261,147,26,2023-08-07,4,264.0,1056.0,Cancelled,Google Pay
262,418,919,2024-06-02,3,107.15,321.45,Cancelled,Apple Pay
263,378,46,2021-08-25,5,19.04,95.2,Cancelled,Debit Card
264,217,828,2023-04-25,1,40.81,40.81,Cancelled,Google Pay
265,730,353,2024-01-05,5,237.21,1186.05,Pending,Apple Pay
266,744,154,2024-08-28,5,19.45,97.25,Returned,Credit Card
267,589,646,2020-06-07,2,173.97,347.94,Returned,Google Pay
268,541,818,2024-02-10,1,255.8,255.8,Completed,Google Pay
269,325,276,2022-08-25,5,160.9,804.5,Pending,Google Pay
270,819,787,2021-08-23,2,105.32,210.64,Cancelled,Debit Card
271,119,710,2022-07-22,3,226.97,680.91,Pending,Apple Pay
272,361,574,2024-02-09,4,114.95,459.8,Completed,PayPal
273,460,806,2023-08-31,4,185.51,742.04,Returned,Debit Card
274,251,796,2023-03-12,2,278.46,556.92,Returned,Google Pay
275,815,294,2023-09-25,2,185.61,371.22,Cancelled,PayPal
276,518,152,2020-08-29,1,128.47,128.47,Returned,Debit Card
277,124,429,2021-01-03,4,14.5,58.0,Cancelled,Google Pay
278,130,891,2023-12-27,4,225.43,901.72,Completed,Apple Pay
279,136,528,2020-02-19,2,297.08,594.16,Returned,Apple Pay
280,571,248,2021-12-26,2,126.67,253.34,Cancelled,Credit Card
281,632,111,2021-11-20,3,181.53,544.59,Completed,Credit Card
282,933,419,2024-02-21,3,285.48,856.44,Returned,Apple Pay
283,752,188,2021-08-15,4,213.03,852.12,Completed,Debit Card
284,691,665,2020-01-16,5,181.98,909.9,Returned,Apple Pay
285,740,603,2021-10-18,4,61.25,245.0,Cancelled,Credit Card
286,50,578,2021-04-20,3,153.06,459.18,Returned,PayPal
287,183,977,2021-10-23,4,102.39,409.56,Pending,Credit Card
288,285,589,2024-07-25,2,134.86,269.72,Cancelled,Credit Card
289,295,281,2021-12-12,3,58.02,174.06,Returned,Apple Pay
290,940,266,2021-04-03,2,93.66,187.32,Completed,Debit Card
291,212,566,2023-09-26,3,50.89,152.67,Pending,Credit Card
292,553,551,2023-05-10,1,288.36,288.36,Pending,Credit Card
293,289,965,2022-09-27,1,117.17,117.17,Returned,Apple Pay
294,303,941,2022-12-02,2,251.0,502.0,Completed,Credit Card
295,89,886,2022-06-29,4,153.04,612.16,Pending,PayPal
296,823,81,2024-02-07,1,290.85,290.85,Pending,Credit Card
297,283,465,2021-10-31,2,157.05,314.1,Completed,PayPal
298,723,814,2020-03-19,4,39.13,156.52,Cancelled,Debit Card
299,899,642,2024-09-19,5,201.73,1008.65,Completed,Credit Card
300,894,966,2021-05-18,2,180.04,360.08,Pending,Debit Card
301,834,192,2021-06-27,4,53.92,215.68,Returned,PayPal
302,91,974,2020-09-26,2,194.08,388.16,Pending,Credit Card
303,626,214,2022-06-08,1,152.3,152.3,Pending,Credit Card
304,647,598,2022-05-06,3,187.88,563.64,Pending,PayPal
305,185,899,2022-09-18,5,200.51,1002.55,Cancelled,Debit Card
306,502,816,2024-11-27,3,203.71,611.13,Returned,Google Pay
307,99,225,2022-01-01,5,149.48,747.4,Completed,PayPal
308,679,436,2022-05-09,4,104.37,417.48,Completed,Debit Card
309,356,714,2022-08-09,3,201.58,604.74,Returned,Debit Card
310,885,501,2024-05-03,4,253.64,1014.56,Returned,Debit Card
311,221,912,2020-02-29,3,87.7,263.1,Returned,Credit Card
312,326,422,2023-02-25,3,85.87,257.61,Returned,Apple Pay
313,56,275,2022-05-20,4,85.6,342.4,Returned,Debit Card
314,420,227,2021-11-26,1,99.47,99.47,Pending,Google Pay
315,629,626,2021-02-26,1,284.88,284.88,Cancelled,Debit Card
316,740,22,2023-05-23,5,15.78,78.9,Returned,Credit Card
317,786,785,2024-05-17,3,274.55,823.65,Completed,Credit Card
318,204,161,2022-11-28,2,115.01,230.02,Returned,Debit Card
319,340,424,2021-08-17,2,274.09,548.18,Pending,Google Pay
320,37,866,2024-02-10,2,282.6,565.2,Completed,Google Pay
321,497,44,2020-07-28,5,125.4,627.0,Pending,PayPal
322,791,705,2021-09-09,1,76.7,76.7,Pending,Credit Card
323,387,672,2021-07-11,1,245.77,245.77,Returned,Debit Card
324,79,76,2024-08-02,3,259.98,779.94,Returned,Credit Card
325,156,98,2020-01-31,5,185.41,927.05,Returned,Debit Card
326,804,332,2024-08-29,5,259.2,1296.0,Returned,Google Pay
327,470,208,2024-03-02,1,97.62,97.62,Completed,PayPal
328,299,440,2023-09-05,5,146.71,733.55,Completed,Debit Card
329,292,930,2022-04-12,5,90.78,453.9,Pending,Apple Pay
330,975,382,2020-02-05,4,220.99,883.96,Completed,Apple Pay
331,407,790,2021-04-03,5,292.81,1464.05,Pending,Apple Pay
332,659,319,2022-01-27,4,173.31,693.24,Cancelled,Debit Card
333,174,213,2024-07-16,1,37.66,37.66,Returned,Google Pay
334,632,859,2021-05-26,1,50.99,50.99,Returned,Google Pay
335,61,786,2024-01-20,5,230.57,1152.85,Returned,PayPal
336,855,155,2022-04-23,3,224.75,674.25,Completed,PayPal
337,893,6,2023-11-12,5,183.63,918.15,Cancelled,Debit Card
338,559,512,2024-03-26,5,240.46,1202.3,Cancelled,Debit Card
339,527,569,2021-10-21,4,215.57,862.28,Completed,Credit Card
340,776,14,2022-05-21,1,118.95,118.95,Pending,Google Pay
341,449,891,2024-03-12,1,58.2,58.2,Completed,Credit Card
342,823,538,2022-05-18,4,59.51,238.04,Returned,Debit Card
343,10,304,2024-03-13,5,131.26,656.3,Completed,Apple Pay
344,630,911,2021-08-25,3,161.52,484.56,Cancelled,Google Pay
345,536,702,2023-08-24,2,51.04,102.08,Pending,Google Pay
346,258,484,2024-01-03,3,160.62,481.86,Returned,Debit Card
347,733,850,2021-11-07,2,57.63,115.26,Returned,Credit Card
348,482,69,2021-10-12,4,61.98,247.92,Completed,PayPal
349,97,551,2023-12-07,2,67.79,135.58,Returned,PayPal
350,609,161,2020-07-12,1,191.24,191.24,Completed,PayPal
351,354,644,2023-07-27,5,266.17,1330.85,Completed,Debit Card
352,889,437,2021-07-16,3,248.02,744.06,Cancelled,PayPal
353,575,555,2023-07-02,4,280.95,1123.8,Pending,Credit Card
354,222,287,2023-04-28,2,39.86,79.72,Pending,PayPal
355,535,602,2023-02-28,1,46.74,46.74,Returned,PayPal
356,990,827,2023-03-24,5,185.38,926.9,Returned,Debit Card
357,222,94,2020-12-10,1,237.18,237.18,Pending,Debit Card
358,332,80,2020-12-03,4,263.64,1054.56,Completed,Debit Card
359,484,335,2022-11-13,4,133.37,533.48,Cancelled,Google Pay
360,403,387,2024-04-05,1,79.82,79.82,Returned,Apple Pay
361,325,544,2021-12-28,3,253.21,759.63,Completed,Google Pay
362,969,649,2024-09-20,2,287.05,574.1,Cancelled,Debit Card
363,502,712,2024-09-16,4,172.54,690.16,Cancelled,Credit Card
364,183,26,2023-02-16,4,199.11,796.44,Cancelled,Apple Pay
365,219,632,2024-04-27,3,221.26,663.78,Pending,Apple Pay
366,11,201,2022-02-05,2,280.63,561.26,Returned,PayPal
367,318,337,2022-12-13,2,11.63,23.26,Completed,PayPal
368,622,280,2021-06-03,5,277.25,1386.25,Completed,PayPal
369,713,722,2023-08-07,4,125.51,502.04,Cancelled,PayPal
370,844,32,2023-07-04,1,291.63,291.63,Returned,Google Pay
371,485,768,2023-07-18,4,152.19,608.76,Completed,Credit Card
372,731,157,2022-01-26,1,187.75,187.75,Pending,Debit Card
373,123,58,2020-06-18,4,251.88,1007.52,Returned,Credit Card
374,285,874,2021-10-05,1,258.79,258.79,Pending,Google Pay
375,689,869,2024-02-19,1,106.47,106.47,Cancelled,Debit Card
376,964,681,2023-04-16,3,159.74,479.22,Returned,Apple Pay
377,845,780,2024-09-11,1,28.84,28.84,Pending,PayPal
378,283,624,2020-06-20,2,138.59,277.18,Pending,Google Pay
379,863,858,2022-04-18,2,194.24,388.48,Completed,PayPal
380,350,478,2021-07-14,5,111.7,558.5,Completed,Google Pay
381,93,187,2022-08-06,1,43.72,43.72,Completed,Debit Card
382,21,786,2021-10-12,5,191.72,958.6,Pending,Credit Card
383,899,742,2021-03-21,3,143.5,430.5,Pending,PayPal
384,756,136,2024-09-10,2,226.75,453.5,Cancelled,Credit Card
385,144,579,2022-02-15,3,61.62,184.86,Cancelled,Apple Pay
386,205,182,2021-04-07,2,89.11,178.22,Cancelled,PayPal
387,502,364,2023-11-29,4,86.72,346.88,Cancelled,PayPal
388,647,704,2024-04-30,5,140.41,702.05,Pending,Credit Card
389,551,583,2024-09-05,5,121.85,609.25,Pending,Apple Pay
390,717,992,2021-12-11,3,70.16,210.48,Cancelled,Credit Card
391,479,268,2022-11-17,2,84.88,169.76,Completed,Credit Card
392,479,601,2022-11-24,2,147.81,295.62,Cancelled,PayPal
393,923,35,2023-02-28,4,200.91,803.64,Cancelled,Credit Card
394,9,163,2023-07-13,3,262.11,786.33,Returned,Apple Pay
395,103,192,2021-11-16,3,197.89,593.67,Cancelled,PayPal
396,771,23,2020-11-29,4,168.57,674.28,Returned,Google Pay
397,446,749,2022-07-23,5,177.03,885.15,Returned,Apple Pay
398,383,616,2024-09-04,2,83.25,166.5,Cancelled,Apple Pay
399,995,952,2023-10-21,4,97.05,388.2,Pending,Google Pay
400,276,977,2020-08-08,4,133.51,534.04,Returned,Google Pay
401,945,308,2020-02-28,2,158.54,317.08,Pending,Google Pay
402,342,808,2024-03-19,2,47.67,95.34,Completed,Credit Card
403,470,406,2021-09-25,2,242.43,484.86,Pending,Apple Pay
404,177,309,2020-01-02,2,68.12,136.24,Cancelled,Credit Card
405,448,93,2021-01-13,2,258.75,517.5,Pending,Debit Card
406,384,6,2023-11-03,5,255.24,1276.2,Returned,Debit Card
407,704,404,2021-12-06,1,146.53,146.53,Pending,Apple Pay
408,724,249,2023-09-30,4,251.09,1004.36,Completed,Apple Pay
409,137,410,2020-09-20,3,231.28,693.84,Cancelled,PayPal
410,547,74,2024-08-05,4,183.11,732.44,Cancelled,Apple Pay
411,907,624,2023-10-03,5,17.8,89.0,Pending,Debit Card
412,843,2,2022-01-25,3,108.56,325.68,Returned,Credit Card
413,193,46,2023-08-15,2,50.04,100.08,Pending,PayPal
414,670,185,2022-06-10,1,108.48,108.48,Returned,Debit Card
415,841,493,2021-08-06,3,122.18,366.54,Completed,PayPal
416,699,530,2022-05-13,2,57.43,114.86,Completed,Apple Pay
417,751,104,2024-07-09,1,110.42,110.42,Returned,Credit Card
418,520,394,2020-11-25,3,47.33,141.99,Returned,Credit Card
419,56,311,2022-09-22,4,132.51,530.04,Returned,PayPal
420,822,931,2024-02-28,1,185.05,185.05,Returned,Google Pay
421,865,548,2022-02-02,4,216.49,865.96,Cancelled,Credit Card
422,545,778,2024-05-27,2,294.41,588.82,Returned,Credit Card
423,957,725,2020-11-03,1,107.76,107.76,Cancelled,Debit Card
424,466,446,2022-11-20,5,221.01,1105.05,Completed,Apple Pay
425,502,472,2021-07-30,1,45.25,45.25,Cancelled,Credit Card
426,346,692,2023-05-12,3,83.17,249.51,Cancelled,Credit Card
427,366,428,2023-01-16,3,61.83,185.49,Completed,Apple Pay
428,611,115,2021-10-26,3,194.43,583.29,Cancelled,Credit Card
429,87,548,2022-12-24,4,82.1,328.4,Completed,Debit Card
430,442,915,2024-01-28,2,193.55,387.1,Cancelled,PayPal
431,846,926,2022-07-27,5,80.79,403.95,Returned,Credit Card
432,151,624,2020-06-05,3,118.11,354.33,Completed,Apple Pay
433,653,768,2022-11-15,1,107.95,107.95,Cancelled,Apple Pay
434,765,264,2022-03-31,1,63.34,63.34,Completed,Apple Pay
435,311,631,2020-08-26,2,175.56,351.12,Pending,Credit Card
436,779,958,2022-02-05,5,147.15,735.75,Returned,PayPal
437,688,47,2024-03-09,2,90.29,180.58,Returned,Debit Card
438,417,213,2023-10-20,3,89.08,267.24,Completed,Apple Pay
439,474,614,2023-09-07,2,89.68,179.36,Cancelled,Credit Card
440,333,227,2021-03-29,2,15.24,30.48,Completed,Google Pay
441,603,431,2021-08-12,5,249.82,1249.1,Cancelled,Google Pay
442,13,352,2022-03-07,4,279.66,1118.64,Cancelled,PayPal
443,875,761,2021-12-10,4,54.02,216.08,Returned,Debit Card
444,262,413,2022-12-26,2,205.17,410.34,Completed,Google Pay
445,354,86,2020-06-09,4,172.78,691.12,Pending,Google Pay
446,323,463,2022-01-26,3,94.63,283.89,Returned,Credit Card
447,640,361,2020-11-15,5,179.63,898.15,Returned,Apple Pay
448,291,570,2024-04-15,1,227.9,227.9,Returned,Debit Card
449,622,972,2022-02-07,5,48.19,240.95,Completed,Credit Card
450,114,585,2022-03-21,2,71.28,142.56,Cancelled,Debit Card
451,753,411,2024-11-06,2,232.39,464.78,Returned,PayPal
452,614,286,2024-03-18,2,131.27,262.54,Cancelled,PayPal
453,704,984,2023-07-14,1,202.63,202.63,Cancelled,Google Pay
454,880,414,2023-01-01,5,123.73,618.65,Returned,Apple Pay
455,895,182,2021-08-09,4,55.52,222.08,Returned,PayPal
456,782,476,2020-01-07,5,250.66,1253.3,Pending,Credit Card
457,998,429,2022-02-24,5,199.4,997.0,Returned,Debit Card
458,142,625,2023-07-27,1,189.47,189.47,Completed,Google Pay
459,333,625,2023-03-14,4,284.19,1136.76,Pending,Debit Card
460,975,380,2023-03-11,4,208.47,833.88,Completed,Google Pay
461,885,198,2024-06-05,4,170.1,680.4,Pending,Apple Pay
462,960,730,2022-01-25,2,60.81,121.62,Pending,PayPal
463,32,212,2020-09-28,3,28.8,86.4,Returned,Apple Pay
464,248,816,2021-05-16,5,138.66,693.3,Pending,Apple Pay
465,858,340,2022-10-21,1,243.07,243.07,Pending,Debit Card
466,34,699,2022-08-04,1,12.0,12.0,Returned,Google Pay
467,428,981,2022-08-20,4,30.41,121.64,Cancelled,Google Pay
468,547,732,2020-09-04,5,197.66,988.3,Completed,Apple Pay
469,408,849,2022-09-11,1,94.96,94.96,Completed,PayPal
470,451,439,2022-03-29,5,192.49,962.45,Completed,Credit Card
471,594,772,2020-10-25,3,229.8,689.4,Completed,Debit Card
472,146,935,2022-01-20,4,200.4,801.6,Pending,Apple Pay
473,658,711,2021-03-06,3,38.17,114.51,Completed,Apple Pay
474,776,267,2023-12-23,4,228.23,912.92,Cancelled,PayPal
475,462,717,2023-11-12,4,105.89,423.56,Cancelled,Google Pay
476,144,152,2021-07-17,5,20.37,101.85,Cancelled,Credit Card
477,731,299,2021-03-28,3,173.43,520.29,Cancelled,Debit Card
478,451,690,2023-03-08,3,147.83,443.49,Cancelled,Debit Card
479,300,880,2024-03-03,2,52.49,104.98,Returned,PayPal
480,217,598,2023-07-28,2,18.12,36.24,Cancelled,Debit Card
481,739,521,2023-04-11,1,85.23,85.23,Returned,Apple Pay
482,660,160,2023-06-20,2,292.0,584.0,Cancelled,Google Pay
483,497,664,2022-02-05,4,260.97,1043.88,Pending,Google Pay
484,389,15,2022-09-14,2,150.36,300.72,Completed,PayPal
485,154,285,2021-04-05,3,69.86,209.58,Completed,Debit Card
486,935,654,2021-12-31,4,143.2,572.8,Completed,Google Pay
487,34,409,2021-04-12,2,115.43,230.86,Completed,PayPal
488,985,548,2022-11-05,1,88.73,88.73,Completed,Credit Card
489,251,263,2022-07-03,5,161.66,808.3,Pending,Debit Card
490,624,273,2021-04-12,4,61.45,245.8,Cancelled,Credit Card
491,940,66,2024-03-01,2,222.67,445.34,Pending,Google Pay
492,250,600,2021-09-12,1,70.24,70.24,Returned,Apple Pay
493,53,327,2020-07-20,5,265.68,1328.4,Completed,Debit Card
494,488,203,2022-09-06,1,138.15,138.15,Completed,Google Pay
495,308,583,2023-04-22,2,183.51,367.02,Completed,Google Pay
496,454,797,2022-05-30,1,218.79,218.79,Pending,Google Pay
497,1,258,2024-07-08,5,229.11,1145.55,Returned,Google Pay
498,337,520,2021-07-08,4,193.03,772.12,Returned,Google Pay
499,545,255,2021-08-04,3,86.62,259.86,Cancelled,PayPal
500,641,451,2023-10-20,5,155.89,779.45,Completed,Debit Card
501,998,522,2022-09-25,1,102.57,102.57,Returned,Apple Pay
502,443,690,2020-11-30,2,29.01,58.02,Cancelled,Credit Card
503,704,552,2024-10-31,4,109.31,437.24,Pending,Debit Card
504,219,315,2024-05-13,1,231.23,231.23,Cancelled,PayPal
505,702,308,2024-04-18,5,146.84,734.2,Pending,Google Pay
506,197,785,2023-10-08,2,103.89,207.78,Returned,Debit Card
507,161,334,2024-10-11,2,186.94,373.88,Returned,Google Pay
508,276,235,2024-06-03,4,236.13,944.52,Cancelled,Apple Pay
509,314,342,2024-10-19,3,117.53,352.59,Cancelled,PayPal
510,403,781,2022-07-10,3,133.34,400.02,Returned,Credit Card
511,419,363,2024-04-10,4,26.04,104.16,Pending,Apple Pay
512,722,208,2024-04-19,3,15.65,46.95,Pending,PayPal
513,438,810,2021-08-26,3,16.87,50.61,Returned,PayPal
514,817,221,2023-02-16,5,224.31,1121.55,Returned,PayPal
515,334,741,2020-08-06,1,80.51,80.51,Returned,Google Pay
516,400,705,2022-08-20,1,236.56,236.56,Returned,Debit Card
517,61,104,2021-07-27,5,179.97,899.85,Completed,PayPal
518,946,292,2021-07-19,5,117.14,585.7,Completed,Apple Pay
519,794,751,2020-10-02,1,104.12,104.12,Returned,Debit Card
520,588,205,2024-11-24,2,181.04,362.08,Completed,Apple Pay
521,782,677,2021-05-17,3,176.09,528.27,Cancelled,Google Pay
522,144,791,2022-12-23,3,209.98,629.94,Completed,PayPal
523,457,766,2024-10-13,3,272.48,817.44,Pending,Debit Card
524,371,342,2021-10-19,4,76.03,304.12,Pending,PayPal
525,24,144,2021-06-06,5,226.82,1134.1,Completed,Apple Pay
526,818,50,2022-05-25,4,243.76,975.04,Completed,Google Pay
527,33,983,2022-02-03,1,174.06,174.06,Cancelled,Google Pay
528,650,69,2022-10-04,3,176.7,530.1,Completed,Google Pay
529,545,163,2020-07-07,5,236.37,1181.85,Completed,Google Pay
530,196,770,2022-08-17,5,198.55,992.75,Completed,Apple Pay
531,911,902,2024-08-01,3,145.06,435.18,Pending,PayPal
532,348,465,2020-05-29,2,197.87,395.74,Returned,Credit Card
533,639,849,2022-04-02,5,95.21,476.05,Returned,Credit Card
534,155,266,2020-01-18,2,103.49,206.98,Pending,Google Pay
535,670,682,2023-10-13,3,164.39,493.17,Pending,Google Pay
536,792,152,2021-12-27,5,54.26,271.3,Pending,PayPal
537,617,968,2021-01-06,1,17.61,17.61,Completed,Debit Card
538,336,892,2023-01-11,3,286.85,860.55,Cancelled,Debit Card
539,168,435,2023-09-09,2,68.49,136.98,Cancelled,Debit Card
540,899,921,2021-03-20,3,17.92,53.76,Returned,Credit Card
541,889,762,2024-09-04,4,17.37,69.48,Pending,Apple Pay
542,204,211,2020-04-10,4,137.18,548.72,Returned,Google Pay
543,180,519,2024-07-26,1,36.93,36.93,Completed,Debit Card
544,501,759,2024-03-29,2,44.9,89.8,Cancelled,PayPal
545,93,819,2022-04-30,2,70.99,141.98,Cancelled,Apple Pay
546,468,17,2021-06-06,5,42.48,212.4,Completed,Apple Pay
547,879,103,2024-07-03,4,126.09,504.36,Cancelled,PayPal
548,869,668,2021-09-26,1,135.9,135.9,Cancelled,Debit Card
549,830,400,2023-12-07,1,198.63,198.63,Returned,Credit Card
550,868,255,2021-07-16,3,23.16,69.48,Pending,Google Pay
551,144,712,2020-01-19,2,160.4,320.8,Returned,Credit Card
552,888,758,2020-05-05,5,242.69,1213.45,Cancelled,PayPal
553,430,177,2023-06-18,4,248.74,994.96,Pending,Google Pay
554,948,113,2020-11-06,2,115.87,231.74,Pending,Credit Card
555,641,383,2022-10-15,2,98.76,197.52,Cancelled,Google Pay
556,340,30,2021-10-19,1,237.15,237.15,Returned,Credit Card
557,48,553,2024-02-14,2,274.94,549.88,Returned,Google Pay
558,103,16,2024-01-19,5,59.22,296.1,Cancelled,Debit Card
559,116,992,2020-07-07,4,296.58,1186.32,Returned,Apple Pay
560,878,618,2022-04-30,5,137.72,688.6,Completed,PayPal
561,264,132,2022-09-02,4,270.87,1083.48,Cancelled,Google Pay
562,99,490,2022-01-18,5,203.85,1019.25,Returned,Google Pay
563,133,825,2021-02-05,2,73.6,147.2,Pending,Debit Card
564,735,414,2023-09-12,1,225.52,225.52,Cancelled,Google Pay
565,190,748,2020-08-03,2,75.6,151.2,Cancelled,PayPal
566,533,530,2023-12-26,4,203.82,815.28,Cancelled,Debit Card
567,149,594,2021-11-02,4,118.68,474.72,Completed,Apple Pay
568,187,15,2023-07-18,1,240.32,240.32,Pending,Credit Card
569,331,12,2024-09-06,2,56.95,113.9,Returned,Apple Pay
570,891,837,2024-10-22,3,64.45,193.35,Returned,Apple Pay
571,559,451,2021-03-15,4,190.18,760.72,Completed,PayPal
572,346,914,2023-09-04,5,277.93,1389.65,Pending,PayPal
573,468,680,2021-11-29,4,233.88,935.52,Completed,PayPal
574,801,375,2024-04-12,5,86.23,431.15,Returned,Credit Card
575,999,469,2023-01-17,2,37.43,74.86,Completed,Credit Card
576,356,315,2023-02-01,3,46.63,139.89,Returned,Apple Pay
577,996,517,2023-02-07,1,290.22,290.22,Pending,Apple Pay
578,861,697,2024-08-06,5,66.51,332.55,Pending,Credit Card
579,799,156,2021-02-10,3,162.42,487.26,Completed,Google Pay
580,970,544,2022-01-12,5,76.82,384.1,Pending,PayPal
581,651,650,2020-11-21,1,207.32,207.32,Pending,Debit Card
582,208,286,2023-01-12,5,132.96,664.8,Completed,Apple Pay
583,996,432,2021-08-30,4,271.28,1085.12,Returned,Apple Pay
584,308,1,2021-10-21,2,219.25,438.5,Completed,PayPal
585,214,946,2023-12-21,5,203.75,1018.75,Completed,Credit Card
586,493,843,2024-03-26,4,50.69,202.76,Pending,Debit Card
587,401,606,2022-03-12,2,197.36,394.72,Pending,Debit Card
588,987,972,2024-09-04,3,30.45,91.35,Cancelled,Debit Card
589,600,968,2022-04-02,1,220.53,220.53,Pending,Debit Card
590,779,336,2022-06-27,2,204.95,409.9,Completed,Credit Card
591,791,644,2022-12-02,3,162.03,486.09,Returned,Debit Card
592,128,555,2023-09-14,4,96.66,386.64,Returned,Debit Card
593,973,42,2020-05-24,3,263.82,791.46,Returned,PayPal
594,173,898,2020-08-19,4,133.51,534.04,Returned,PayPal
595,750,618,2021-04-05,5,39.88,199.4,Cancelled,Debit Card
596,987,443,2024-11-15,4,252.65,1010.6,Returned,Credit Card
597,287,863,2023-07-30,1,260.9,260.9,Cancelled,PayPal
598,683,857,2023-08-04,5,105.36,526.8,Cancelled,PayPal
599,826,498,2020-06-19,1,39.33,39.33,Pending,Google Pay
600,682,273,2022-10-10,2,181.41,362.82,Completed,Apple Pay
601,385,622,2023-02-22,5,252.85,1264.25,Returned,Credit Card
602,813,659,2023-05-17,1,181.2,181.2,Completed,Google Pay
603,245,370,2020-07-13,1,290.35,290.35,Returned,Apple Pay
604,808,451,2024-01-11,1,110.72,110.72,Returned,Google Pay
605,409,833,2024-11-03,5,20.81,104.05,Returned,Credit Card
606,646,969,2021-03-18,5,62.41,312.05,Cancelled,Credit Card
607,747,468,2021-08-21,4,242.55,970.2,Cancelled,PayPal
608,989,255,2024-08-03,3,112.19,336.57,Cancelled,Apple Pay
609,716,651,2024-05-24,1,104.11,104.11,Cancelled,Debit Card
610,561,664,2021-03-04,5,233.53,1167.65,Cancelled,Apple Pay
611,177,865,2024-03-22,3,236.48,709.44,Returned,Credit Card
612,758,825,2021-11-14,3,188.76,566.28,Pending,PayPal
613,740,93,2024-08-24,3,39.38,118.14,Returned,PayPal
614,775,392,2023-06-27,4,195.45,781.8,Pending,PayPal
615,826,449,2024-10-19,4,111.67,446.68,Cancelled,Debit Card
616,195,596,2020-12-11,3,14.62,43.86,Cancelled,Google Pay
617,574,552,2023-12-05,5,95.9,479.5,Pending,Apple Pay
618,93,729,2023-06-20,1,67.6,67.6,Returned,PayPal
619,407,137,2020-10-25,3,164.52,493.56,Returned,Credit Card
620,995,85,2024-09-26,3,187.89,563.67,Cancelled,Debit Card
621,159,684,2022-06-25,1,81.31,81.31,Cancelled,Credit Card
622,225,252,2022-10-09,2,251.64,503.28,Pending,Apple Pay
623,304,250,2023-08-19,2,52.16,104.32,Completed,Google Pay
624,565,582,2022-09-16,4,130.21,520.84,Pending,Apple Pay
625,643,590,2021-01-16,5,178.46,892.3,Returned,PayPal
626,270,442,2023-12-18,3,242.99,728.97,Cancelled,PayPal
627,79,982,2021-04-25,3,166.71,500.13,Pending,PayPal
628,593,132,2024-10-27,2,240.71,481.42,Completed,Google Pay
629,108,827,2023-12-21,4,165.25,661.0,Pending,PayPal
630,230,477,2024-01-09,5,248.11,1240.55,Cancelled,Google Pay
631,449,510,2024-09-09,1,143.47,143.47,Returned,Credit Card
632,573,666,2020-12-16,1,172.39,172.39,Completed,PayPal
633,363,67,2022-09-03,2,28.5,57.0,Cancelled,Google Pay
634,503,442,2021-05-31,1,216.95,216.95,Pending,Apple Pay
635,714,691,2021-03-16,4,99.85,399.4,Cancelled,PayPal
636,521,969,2021-04-21,5,241.54,1207.7,Returned,Debit Card
637,601,323,2024-04-18,5,294.25,1471.25,Completed,Google Pay
638,794,73,2020-04-18,3,180.36,541.08,Completed,Google Pay
639,255,616,2022-04-27,2,222.44,444.88,Pending,Debit Card
640,340,92,2020-03-01,4,221.31,885.24,Completed,Apple Pay
641,391,714,2023-03-21,4,243.43,973.72,Returned,Debit Card
642,319,364,2024-10-01,3,63.07,189.21,Pending,Apple Pay
643,189,267,2024-12-05,3,154.91,464.73,Returned,Debit Card
644,649,84,2021-04-09,3,295.83,887.49,Cancelled,Apple Pay
645,21,901,2024-03-19,1,161.92,161.92,Completed,Google Pay
646,2,987,2020-05-01,3,37.69,113.07,Completed,Credit Card
647,820,927,2021-10-31,4,98.82,395.28,Cancelled,Credit Card
648,511,187,2020-12-19,2,194.58,389.16,Pending,PayPal
649,588,182,2020-07-17,2,183.92,367.84,Returned,Debit Card
650,456,32,2022-11-05,2,246.16,492.32,Completed,Google Pay
651,320,958,2024-06-13,1,244.09,244.09,Cancelled,Credit Card
652,172,922,2021-12-15,2,181.13,362.26,Completed,Apple Pay
653,628,943,2021-01-30,5,55.02,275.1,Cancelled,Apple Pay
654,803,459,2023-09-10,5,251.21,1256.05,Completed,Google Pay
655,145,246,2020-05-14,3,81.4,244.2,Returned,Debit Card
656,61,939,2024-06-14,4,22.06,88.24,Returned,Google Pay
657,671,329,2020-07-21,5,36.38,181.9,Returned,Google Pay
658,139,459,2023-08-10,2,91.94,183.88,Pending,PayPal
659,387,85,2023-07-06,4,127.23,508.92,Returned,Credit Card
660,496,625,2022-10-03,1,103.24,103.24,Returned,PayPal
661,716,57,2022-10-16,3,233.54,700.62,Completed,Debit Card
662,766,922,2020-07-01,3,268.71,806.13,Pending,PayPal
663,49,990,2024-02-22,1,164.94,164.94,Cancelled,Apple Pay
664,54,844,2021-01-20,3,289.61,868.83,Returned,Google Pay
665,698,716,2022-12-09,2,157.54,315.08,Completed,Debit Card
666,914,227,2020-07-21,4,285.49,1141.96,Cancelled,Credit Card
667,585,656,2024-01-02,2,153.63,307.26,Completed,Credit Card
668,120,947,2022-02-20,2,271.09,542.18,Cancelled,Credit Card
669,400,847,2021-05-07,3,295.48,886.44,Pending,PayPal
670,146,614,2024-09-11,4,22.98,91.92,Pending,Google Pay
671,433,697,2023-10-01,3,265.76,797.28,Cancelled,Debit Card
672,11,426,2024-12-04,3,128.67,386.01,Returned,Apple Pay
673,500,260,2021-07-23,2,246.85,493.7,Completed,Apple Pay
674,707,229,2020-03-26,4,47.38,189.52,Completed,Credit Card
675,501,69,2020-08-24,2,271.64,543.28,Pending,Google Pay
676,263,979,2021-11-01,2,283.62,567.24,Returned,PayPal
677,584,268,2023-01-03,3,92.56,277.68,Completed,Credit Card
678,569,867,2022-03-19,2,285.56,571.12,Returned,Debit Card
679,481,491,2020-09-17,5,298.71,1493.55,Completed,Credit Card
680,189,86,2021-04-13,1,251.6,251.6,Completed,Debit Card
681,757,147,2022-06-11,5,117.56,587.8,Returned,Google Pay
682,516,786,2024-04-24,1,202.23,202.23,Pending,Debit Card
683,15,972,2024-01-24,3,22.69,68.07,Pending,PayPal
684,359,474,2024-10-26,3,277.33,831.99,Pending,Credit Card
685,299,518,2022-03-12,4,54.4,217.6,Completed,Debit Card
686,739,450,2021-01-11,2,107.41,214.82,Completed,Apple Pay
687,295,571,2020-05-22,2,184.48,368.96,Pending,Debit Card
688,702,67,2023-01-25,3,26.45,79.35,Returned,Google Pay
689,174,742,2022-12-30,1,189.39,189.39,Cancelled,PayPal
690,701,240,2020-03-19,2,271.44,542.88,Completed,Apple Pay
691,397,788,2020-01-08,5,26.94,134.7,Completed,Debit Card
692,76,21,2024-04-09,1,173.46,173.46,Returned,Google Pay
693,631,397,2023-08-13,4,91.92,367.68,Returned,Debit Card
694,354,652,2023-10-30,4,187.66,750.64,Returned,Apple Pay
695,369,230,2020-11-09,4,165.57,662.28,Pending,PayPal
696,398,264,2023-07-28,2,289.28,578.56,Pending,PayPal
697,308,148,2024-02-24,1,135.2,135.2,Completed,Apple Pay
698,412,129,2022-04-20,5,256.99,1284.95,Cancelled,Debit Card
699,472,752,2022-04-11,4,266.25,1065.0,Returned,Apple Pay
700,334,682,2022-03-06,4,115.43,461.72,Returned,Debit Card
701,223,730,2024-01-21,5,69.72,348.6,Pending,Google Pay
702,475,562,2021-02-02,5,115.39,576.95,Returned,PayPal
703,145,482,2023-08-11,3,71.92,215.76,Completed,Google Pay
704,853,979,2023-08-28,4,97.09,388.36,Returned,Credit Card
705,912,161,2021-02-12,2,107.93,215.86,Returned,Google Pay
706,25,711,2022-06-03,2,283.53,567.06,Pending,Apple Pay
707,764,697,2023-03-08,2,89.26,178.52,Pending,Apple Pay
708,325,480,2023-03-23,2,53.7,107.4,Pending,Debit Card
709,956,782,2024-04-10,4,101.7,406.8,Completed,Credit Card
710,9,943,2024-05-30,1,34.87,34.87,Completed,PayPal
711,924,366,2024-10-12,1,100.86,100.86,Pending,Debit Card
712,372,639,2021-03-12,3,253.8,761.4,Cancelled,Google Pay
713,721,180,2024-08-23,4,147.78,591.12,Cancelled,PayPal
714,902,156,2020-07-26,5,56.35,281.75,Pending,Apple Pay
715,420,163,2020-08-30,5,273.97,1369.85,Returned,PayPal
716,680,969,2023-11-14,2,293.08,586.16,Pending,Apple Pay
717,391,485,2020-07-17,1,49.32,49.32,Returned,Apple Pay
718,838,372,2020-12-15,1,179.99,179.99,Returned,Google Pay
719,21,994,2023-03-17,2,139.73,279.46,Returned,Google Pay
720,908,379,2021-12-05,3,296.47,889.41,Completed,Debit Card
721,404,939,2020-10-03,5,97.03,485.15,Pending,Credit Card
722,329,300,2024-06-07,2,288.86,577.72,Completed,PayPal
723,913,605,2023-05-19,4,14.63,58.52,Returned,Debit Card
724,287,533,2022-01-17,3,65.69,197.07,Completed,Apple Pay
725,245,718,2021-10-14,2,25.08,50.16,Cancelled,PayPal
726,280,768,2022-07-08,4,107.88,431.52,Returned,Credit Card
727,893,949,2021-11-12,5,19.1,95.5,Completed,Google Pay
728,927,482,2020-02-09,3,120.39,361.17,Returned,Apple Pay
729,344,376,2020-03-14,3,212.09,636.27,Returned,Apple Pay
730,355,737,2023-12-19,3,48.38,145.14,Cancelled,Google Pay
731,86,936,2021-01-30,4,91.68,366.72,Returned,Credit Card
732,918,117,2024-07-07,3,259.83,779.49,Completed,Debit Card
733,182,383,2024-07-09,1,80.46,80.46,Completed,Debit Card
734,885,78,2023-03-17,2,235.87,471.74,Completed,Credit Card
735,633,73,2024-02-17,3,262.35,787.05,Pending,Google Pay
736,339,805,2023-07-06,4,192.99,771.96,Completed,Google Pay
737,205,941,2020-09-06,1,214.2,214.2,Completed,Debit Card
738,811,703,2020-07-06,1,11.11,11.11,Pending,Debit Card
739,641,543,2020-04-12,1,122.2,122.2,Pending,Apple Pay
740,508,620,2024-08-01,2,215.39,430.78,Pending,Apple Pay
741,63,454,2021-08-12,5,260.85,1304.25,Pending,Google Pay
742,203,270,2020-01-13,1,61.0,61.0,Pending,Google Pay
743,720,780,2023-03-24,2,212.99,425.98,Completed,Debit Card
744,234,167,2021-01-18,3,229.32,687.96,Returned,Google Pay
745,656,293,2021-08-30,5,129.56,647.8,Pending,Apple Pay
746,544,8,2021-05-28,3,223.28,669.84,Cancelled,PayPal
747,65,506,2024-03-24,2,28.75,57.5,Cancelled,Credit Card
748,783,921,2023-06-23,4,33.19,132.76,Returned,Credit Card
749,790,939,2024-03-04,1,102.34,102.34,Cancelled,Google Pay
750,745,860,2023-10-20,1,175.07,175.07,Cancelled,Apple Pay
751,308,782,2022-01-03,4,117.43,469.72,Returned,PayPal
752,175,44,2023-01-23,2,76.15,152.3,Cancelled,Apple Pay
753,816,867,2022-08-10,4,104.07,416.28,Returned,Apple Pay
754,146,756,2024-11-14,4,141.13,564.52,Returned,Apple Pay
755,391,892,2020-02-20,2,238.6,477.2,Pending,Apple Pay
756,838,678,2022-01-18,1,135.97,135.97,Pending,Debit Card
757,17,401,2023-04-29,2,72.93,145.86,Returned,Debit Card
758,510,402,2021-07-08,3,67.35,202.05,Pending,PayPal
759,195,499,2024-08-26,5,90.52,452.6,Returned,Apple Pay
760,682,62,2022-06-10,2,151.33,302.66,Cancelled,Credit Card
761,623,297,2020-05-17,3,214.75,644.25,Pending,Debit Card
762,427,503,2022-11-28,4,243.05,972.2,Completed,PayPal
763,319,701,2023-07-17,2,108.19,216.38,Returned,Google Pay
764,289,350,2020-09-06,5,47.53,237.65,Cancelled,Debit Card
765,65,19,2022-01-26,5,291.42,1457.1,Returned,PayPal
766,335,705,2022-05-04,2,70.74,141.48,Pending,PayPal
767,569,349,2023-07-22,4,238.17,952.68,Cancelled,Debit Card
768,587,995,2020-09-17,3,236.66,709.98,Pending,Google Pay
769,256,501,2023-06-02,2,245.86,491.72,Returned,Credit Card
770,394,769,2021-10-03,5,265.41,1327.05,Pending,Google Pay
771,474,618,2021-10-20,1,163.48,163.48,Cancelled,Credit Card
772,811,789,2022-07-09,4,235.46,941.84,Cancelled,Debit Card
773,229,649,2022-01-15,1,147.39,147.39,Completed,PayPal
774,150,803,2021-12-30,5,149.94,749.7,Cancelled,PayPal
775,550,205,2022-09-19,3,185.38,556.14,Pending,Google Pay
776,63,754,2023-05-24,1,95.73,95.73,Pending,Google Pay
777,810,386,2024-06-24,5,91.91,459.55,Returned,Credit Card
778,304,26,2021-09-02,3,69.23,207.69,Completed,Apple Pay
779,932,152,2020-06-10,3,144.83,434.49,Returned,Apple Pay
780,777,322,2023-02-11,2,182.22,364.44,Completed,PayPal
781,622,465,2022-07-22,3,67.36,202.08,Cancelled,Debit Card
782,18,127,2023-04-16,2,103.61,207.22,Completed,PayPal
783,323,852,2023-02-05,4,116.96,467.84,Returned,Google Pay
784,406,183,2020-02-22,4,197.44,789.76,Cancelled,Google Pay
785,332,580,2024-09-08,1,196.65,196.65,Completed,Google Pay
786,950,70,2020-04-24,2,154.04,308.08,Pending,Debit Card
787,731,241,2020-07-28,5,57.38,286.9,Completed,PayPal
788,352,769,2022-01-01,3,33.54,100.62,Completed,Apple Pay
789,427,658,2022-03-31,5,28.02,140.1,Returned,Debit Card
790,460,163,2023-01-27,1,246.17,246.17,Completed,PayPal
791,700,572,2021-04-10,2,26.39,52.78,Completed,Credit Card
792,44,225,2023-08-09,2,148.82,297.64,Pending,Debit Card
793,331,397,2024-11-17,2,155.17,310.34,Returned,Credit Card
794,686,732,2022-11-10,3,152.75,458.25,Returned,Google Pay
795,37,214,2020-05-19,1,68.04,68.04,Pending,Google Pay
796,83,596,2022-10-03,1,111.32,111.32,Cancelled,Google Pay
797,156,550,2024-08-24,2,125.18,250.36,Completed,Google Pay
798,524,398,2021-07-30,3,171.32,513.96,Pending,Debit Card
799,201,335,2024-03-24,5,84.32,421.6,Cancelled,Apple Pay
800,457,618,2020-09-01,3,140.98,422.94,Returned,Debit Card
801,824,110,2021-01-13,1,22.08,22.08,Pending,Debit Card
802,306,853,2024-04-04,5,223.35,1116.75,Pending,Google Pay
803,56,664,2024-08-01,3,114.67,344.01,Pending,Google Pay
804,25,318,2024-09-23,3,72.87,218.61,Completed,Debit Card
805,212,512,2024-08-25,2,259.5,519.0,Returned,PayPal
806,170,943,2022-07-26,4,184.53,738.12,Returned,Apple Pay
807,684,878,2023-02-22,5,92.75,463.75,Pending,Credit Card
808,874,32,2023-06-16,1,266.48,266.48,Completed,Credit Card
809,391,747,2021-07-15,1,98.0,98.0,Pending,Credit Card
810,196,995,2020-04-19,3,72.44,217.32,Returned,PayPal
811,23,305,2020-06-04,3,131.07,393.21,Completed,Credit Card
812,953,955,2021-09-10,2,86.19,172.38,Pending,Credit Card
813,955,488,2023-07-27,1,265.28,265.28,Pending,Credit Card
814,467,891,2020-08-18,1,220.19,220.19,Cancelled,PayPal
815,749,709,2020-02-16,5,149.12,745.6,Pending,Debit Card
816,31,39,2020-05-13,4,206.63,826.52,Returned,Apple Pay
817,997,14,2024-08-27,4,129.6,518.4,Completed,Credit Card
818,737,491,2024-04-25,3,215.87,647.61,Pending,PayPal
819,193,241,2020-02-19,3,289.32,867.96,Returned,Credit Card
820,856,878,2023-08-24,1,263.32,263.32,Returned,Google Pay
821,733,869,2023-12-10,4,239.67,958.68,Completed,PayPal
822,468,841,2022-01-15,1,183.43,183.43,Returned,Google Pay
823,381,744,2020-12-01,3,200.99,602.97,Pending,PayPal
824,595,412,2024-02-14,3,128.03,384.09,Cancelled,Apple Pay
825,689,770,2021-12-12,3,52.81,158.43,Returned,Google Pay
826,89,617,2022-04-15,3,288.8,866.4,Cancelled,Debit Card
827,462,772,2021-11-12,3,197.18,591.54,Pending,Credit Card
828,641,149,2021-12-04,5,276.31,1381.55,Cancelled,Google Pay
829,588,143,2023-07-19,2,256.82,513.64,Pending,Apple Pay
830,514,558,2020-06-16,4,265.41,1061.64,Completed,Google Pay
831,957,564,2020-07-31,5,11.17,55.85,Pending,Debit Card
832,334,750,2023-11-01,3,151.86,455.58,Cancelled,Google Pay
833,403,225,2022-03-19,5,200.5,1002.5,Cancelled,Apple Pay
834,660,465,2023-11-09,1,75.49,75.49,Pending,Debit Card
835,993,517,2024-01-06,1,269.02,269.02,Completed,Apple Pay
836,314,248,2020-10-22,1,211.53,211.53,Returned,PayPal
837,99,975,2024-08-17,2,167.17,334.34,Pending,Credit Card
838,213,191,2020-02-03,1,95.78,95.78,Completed,Credit Card
839,433,968,2021-06-03,4,285.79,1143.16,Cancelled,Apple Pay
840,398,384,2020-01-22,5,97.06,485.3,Pending,PayPal
841,490,651,2022-05-27,5,181.01,905.05,Completed,Apple Pay
842,32,262,2020-03-05,4,102.69,410.76,Returned,Apple Pay
843,433,706,2024-03-21,5,233.24,1166.2,Cancelled,Apple Pay
844,500,778,2020-02-25,4,21.21,84.84,Completed,Apple Pay
845,252,742,2021-05-31,5,36.69,183.45,Completed,Apple Pay
846,481,36,2022-02-16,3,80.0,240.0,Cancelled,PayPal
847,421,98,2023-02-05,4,72.8,291.2,Completed,Debit Card
848,456,71,2023-04-30,1,281.31,281.31,Pending,Apple Pay
849,948,549,2021-07-16,5,122.57,612.85,Completed,PayPal
850,503,179,2023-04-14,1,212.48,212.48,Returned,PayPal
851,616,340,2024-10-14,2,21.55,43.1,Returned,Credit Card
852,79,204,2023-11-07,2,290.88,581.76,Returned,Apple Pay
853,763,827,2021-05-25,1,122.32,122.32,Pending,Apple Pay
854,349,887,2020-03-30,3,62.98,188.94,Returned,Debit Card
855,971,934,2024-01-01,4,244.44,977.76,Completed,Credit Card
856,970,620,2020-12-02,2,48.28,96.56,Completed,Apple Pay
857,441,22,2022-10-13,3,240.36,721.08,Cancelled,Google Pay
858,286,447,2020-08-05,4,147.36,589.44,Returned,Credit Card
859,972,681,2020-05-13,1,86.2,86.2,Cancelled,Apple Pay
860,929,951,2022-04-01,5,276.59,1382.95,Pending,Credit Card
861,192,681,2020-02-19,2,35.05,70.1,Pending,Apple Pay
862,270,490,2023-09-13,5,118.26,591.3,Completed,Debit Card
863,41,238,2023-04-07,4,43.6,174.4,Pending,Debit Card
864,401,12,2021-09-07,2,226.53,453.06,Cancelled,Credit Card
865,682,273,2022-11-10,1,42.7,42.7,Completed,PayPal
866,250,882,2024-07-19,2,102.66,205.32,Returned,Debit Card
867,220,102,2021-01-21,4,148.7,594.8,Pending,Apple Pay
868,73,150,2023-02-06,5,259.02,1295.1,Pending,Google Pay
869,75,580,2020-10-24,1,148.53,148.53,Pending,Debit Card
870,371,961,2023-07-07,4,253.53,1014.12,Pending,PayPal
871,44,892,2022-04-12,1,228.19,228.19,Cancelled,Apple Pay
872,954,383,2020-02-26,2,204.78,409.56,Returned,Apple Pay
873,131,491,2023-05-26,2,227.1,454.2,Returned,Debit Card
874,510,792,2021-05-09,5,161.16,805.8,Completed,Apple Pay
875,576,87,2023-05-13,1,131.02,131.02,Pending,Credit Card
876,476,666,2022-01-26,3,124.05,372.15,Cancelled,PayPal
877,942,316,2024-09-08,5,185.54,927.7,Returned,Google Pay
878,860,705,2022-09-25,4,229.65,918.6,Pending,Apple Pay
879,999,351,2021-11-21,1,210.51,210.51,Completed,PayPal
880,896,296,2023-07-12,3,280.91,842.73,Pending,PayPal
881,357,996,2021-10-25,2,174.14,348.28,Cancelled,Debit Card
882,422,286,2024-08-18,3,160.12,480.36,Cancelled,Google Pay
883,912,806,2022-05-18,2,232.81,465.62,Pending,PayPal
884,567,329,2021-01-24,3,216.66,649.98,Pending,Apple Pay
885,742,741,2023-04-06,5,60.29,301.45,Cancelled,Debit Card
886,851,346,2021-02-25,5,239.08,1195.4,Pending,Apple Pay
887,735,278,2022-02-06,2,123.57,247.14,Returned,Google Pay
888,74,259,2021-11-30,2,83.87,167.74,Completed,Apple Pay
889,4,69,2024-07-23,5,295.32,1476.6,Pending,PayPal
890,564,598,2022-10-10,4,281.08,1124.32,Cancelled,Google Pay
891,53,438,2023-03-08,4,67.77,271.08,Returned,Google Pay
892,321,123,2020-08-09,4,136.78,547.12,Pending,Debit Card
893,56,43,2020-09-08,3,230.44,691.32,Completed,PayPal
894,131,803,2020-08-08,5,165.21,826.05,Completed,Apple Pay
895,581,62,2021-02-23,1,268.48,268.48,Completed,Credit Card
896,292,441,2021-11-22,5,218.68,1093.4,Pending,Debit Card
897,770,274,2021-03-27,5,185.06,925.3,Cancelled,Debit Card
898,325,781,2020-11-06,1,170.58,170.58,Pending,Debit Card
899,632,18,2024-07-08,4,68.91,275.64,Pending,Credit Card
900,277,829,2023-03-15,5,293.82,1469.1,Returned,Credit Card
901,227,248,2020-07-14,2,255.16,510.32,Returned,Google Pay
902,287,110,2020-12-05,2,276.11,552.22,Completed,Debit Card
903,882,615,2023-10-06,3,136.21,408.63,Returned,Apple Pay
904,84,419,2021-03-13,2,39.11,78.22,Returned,Apple Pay
905,769,390,2020-11-03,4,256.67,1026.68,Completed,Google Pay
906,690,504,2024-04-15,3,69.49,208.47,Returned,Google Pay
907,520,631,2021-12-02,3,16.01,48.03,Returned,Apple Pay
908,721,80,2023-05-27,2,118.16,236.32,Returned,Debit Card
909,322,362,2024-06-01,4,70.07,280.28,Returned,PayPal
910,389,615,2021-05-24,3,270.55,811.65,Returned,Credit Card
911,715,67,2023-11-06,5,80.78,403.9,Returned,Credit Card
912,391,21,2022-03-07,5,110.1,550.5,Returned,Apple Pay
913,92,448,2024-01-23,4,273.66,1094.64,Cancelled,PayPal
914,267,491,2021-04-13,3,116.31,348.93,Pending,Debit Card
915,614,544,2021-03-24,5,197.05,985.25,Pending,Credit Card
916,235,93,2022-02-20,3,23.91,71.73,Pending,Credit Card
917,82,538,2023-06-14,5,24.52,122.6,Cancelled,Apple Pay
918,447,286,2020-11-01,3,51.07,153.21,Pending,Debit Card
919,69,238,2022-04-18,3,58.32,174.96,Completed,Google Pay
920,804,893,2020-04-16,5,199.84,999.2,Pending,PayPal
921,917,172,2023-01-27,4,283.18,1132.72,Pending,Credit Card
922,79,69,2024-07-12,2,184.76,369.52,Completed,PayPal
923,798,474,2024-07-31,2,164.85,329.7,Cancelled,Debit Card
924,252,806,2020-11-08,5,280.32,1401.6,Completed,PayPal
925,526,833,2024-10-17,2,232.24,464.48,Completed,Google Pay
926,172,50,2022-10-30,1,124.2,124.2,Returned,Debit Card
927,624,855,2024-09-29,2,80.16,160.32,Cancelled,Google Pay
928,466,180,2024-05-22,3,144.1,432.3,Completed,Debit Card
929,69,387,2020-11-27,5,228.81,1144.05,Pending,Credit Card
930,502,694,2021-08-11,4,163.38,653.52,Returned,Google Pay
931,478,986,2023-01-13,4,267.75,1071.0,Cancelled,Google Pay
932,537,960,2023-03-28,4,227.97,911.88,Returned,Debit Card
933,38,212,2022-10-27,4,46.61,186.44,Completed,Google Pay
934,926,423,2022-01-22,3,43.51,130.53,Returned,Apple Pay
935,499,204,2021-09-05,3,16.92,50.76,Completed,Debit Card
936,605,810,2022-06-10,2,140.48,280.96,Pending,PayPal
937,923,233,2022-03-22,2,51.27,102.54,Returned,PayPal
938,477,381,2022-09-23,4,145.24,580.96,Pending,Apple Pay
939,252,971,2020-09-24,4,288.29,1153.16,Pending,Credit Card
940,477,932,2021-08-28,3,25.4,76.2,Returned,Apple Pay
941,841,525,2020-06-08,5,95.25,476.25,Returned,Credit Card
942,340,199,2024-11-13,4,29.65,118.6,Cancelled,Google Pay
943,150,763,2020-12-05,1,297.71,297.71,Cancelled,Credit Card
944,534,381,2020-02-20,5,73.42,367.1,Completed,Apple Pay
945,472,356,2022-04-06,3,241.57,724.71,Cancelled,PayPal
946,600,127,2022-01-23,1,242.35,242.35,Returned,Apple Pay
947,799,562,2022-06-06,5,20.49,102.45,Completed,Debit Card
948,732,451,2024-08-16,4,105.74,422.96,Cancelled,Debit Card
949,394,283,2020-10-18,2,37.02,74.04,Returned,Debit Card
950,977,137,2020-03-26,1,97.84,97.84,Pending,Apple Pay
951,846,905,2023-03-11,2,131.1,262.2,Pending,Apple Pay
952,939,216,2023-01-25,5,83.99,419.95,Completed,Credit Card
953,495,806,2020-11-30,1,87.0,87.0,Completed,Debit Card
954,506,117,2022-08-17,2,278.2,556.4,Completed,Apple Pay
955,382,872,2024-07-20,3,188.87,566.61,Returned,PayPal
956,923,834,2023-03-27,5,168.9,844.5,Cancelled,PayPal
957,856,734,2022-12-14,2,203.65,407.3,Cancelled,Google Pay
958,23,445,2024-05-12,2,75.6,151.2,Returned,PayPal
959,997,742,2021-11-03,5,97.16,485.8,Returned,Credit Card
960,264,110,2023-04-26,3,242.49,727.47,Pending,Google Pay
961,255,476,2021-04-02,2,265.42,530.84,Pending,Credit Card
962,423,761,2023-11-29,5,156.69,783.45,Returned,Apple Pay
963,249,167,2023-03-06,3,96.73,290.19,Returned,Credit Card
964,59,447,2024-05-06,3,278.58,835.74,Returned,Apple Pay
965,32,342,2020-11-11,4,147.22,588.88,Cancelled,Credit Card
966,504,951,2021-09-22,2,151.09,302.18,Returned,Google Pay
967,241,294,2021-03-14,4,134.73,538.92,Pending,Google Pay
968,613,335,2024-07-05,2,107.47,214.94,Returned,Credit Card
969,756,9,2020-07-25,1,33.87,33.87,Pending,Google Pay
970,957,994,2022-05-27,4,270.01,1080.04,Pending,Credit Card
971,137,299,2020-01-05,4,61.5,246.0,Cancelled,PayPal
972,170,915,2023-09-26,5,35.38,176.9,Cancelled,PayPal
973,85,41,2020-07-23,1,298.93,298.93,Completed,Debit Card
974,844,503,2024-06-04,2,270.15,540.3,Completed,PayPal
975,539,74,2023-04-30,3,188.48,565.44,Cancelled,Debit Card
976,267,162,2020-05-13,4,185.79,743.16,Completed,Apple Pay
977,33,403,2023-05-27,2,209.82,419.64,Cancelled,Debit Card
978,368,975,2023-11-24,4,244.98,979.92,Cancelled,PayPal
979,953,241,2023-08-31,4,131.21,524.84,Cancelled,PayPal
980,721,159,2021-03-07,2,143.77,287.54,Completed,Credit Card
981,152,111,2020-04-30,5,263.79,1318.95,Returned,Debit Card
982,341,705,2020-11-01,1,91.92,91.92,Cancelled,Google Pay
983,126,953,2021-05-04,4,136.25,545.0,Cancelled,Debit Card
984,401,197,2022-08-27,1,115.62,115.62,Cancelled,Credit Card
985,823,259,2020-04-10,1,253.93,253.93,Returned,Debit Card
986,990,408,2024-07-22,4,144.42,577.68,Cancelled,Apple Pay
987,725,433,2020-09-29,3,226.13,678.39,Cancelled,Google Pay
988,803,169,2024-11-12,2,12.16,24.32,Cancelled,Apple Pay
989,343,152,2020-07-09,4,263.9,1055.6,Completed,Debit Card
990,981,285,2021-05-06,5,185.14,925.7,Pending,Debit Card
991,647,370,2022-05-05,1,233.55,233.55,Cancelled,Google Pay
992,495,791,2022-02-02,3,10.79,32.37,Pending,Debit Card
993,879,755,2020-10-29,3,207.3,621.9,Cancelled,Google Pay
994,628,949,2022-03-11,5,298.15,1490.75,Pending,Apple Pay
995,737,606,2024-04-25,1,141.94,141.94,Cancelled,Google Pay
996,341,19,2024-03-27,4,22.91,91.64,Returned,Google Pay
997,900,428,2023-07-08,1,147.61,147.61,Returned,Google Pay
998,855,606,2023-03-17,2,277.7,555.4,Pending,Apple Pay
999,873,40,2021-06-26,3,268.54,805.62,Pending,Google Pay
1000,544,235,2021-06-04,4,86.96,347.84,Completed,Debit Card
